{
"mod": 6,
"vfeff": "Feff8L (EXAFS)",
"vf85e": " 0.1",
"mchi": 1,
"ispec": 0,
"idwopt": -1,
"ipr6": 3,
"mbconv": 0,
"absolu": 0,
"vrcorr": 0.0000000000000000E+000,
"vicorr": 0.0000000000000000E+000,
"s02": 0.1000000000000000E+001,
"critcw": 0.4000000000000000E+001,
"tk": 0.0000000000000000E+000,
"thetad": 0.0000000000000000E+000,
"alphat": 0.0000000000000000E+000,
"thetae": 0.0000000000000000E+000,
"sig2g": 0.0000000000000000E+000
}
