{
"vfeff": "Feff8L (EXAFS)",
"vf85e": " 0.1",
"natt": 87,
"nph": 2,
"iatph": [
    1,
    3,
    2,
    0,
    0,
    0,
    0,
    0,
    0,
    0,
    0,
    0
  ],
"x": [
    0.0000000000000000E+000,
    -0.1875000000000000E+001,
    -0.1875000000000000E+001,
    -0.0000000000000000E+000,
    0.1875000000000000E+001,
    0.0000000000000000E+000,
    0.1875000000000000E+001,
    -0.1875000000000000E+001,
    -0.1875000000000000E+001,
    -0.0000000000000000E+000,
    0.0000000000000000E+000,
    0.1875000000000000E+001,
    0.1875000000000000E+001,
    -0.3750000000000000E+001,
    0.3750000000000000E+001,
    -0.0000000000000000E+000,
    -0.0000000000000000E+000,
    0.0000000000000000E+000,
    0.0000000000000000E+000,
    -0.3750000000000000E+001,
    -0.1875000000000000E+001,
    -0.1875000000000000E+001,
    -0.3750000000000000E+001,
    -0.3750000000000000E+001,
    -0.1875000000000000E+001,
    0.1875000000000000E+001,
    0.3750000000000000E+001,
    0.3750000000000000E+001,
    0.1875000000000000E+001,
    0.1875000000000000E+001,
    0.3750000000000000E+001,
    -0.3750000000000000E+001,
    -0.1875000000000000E+001,
    -0.1875000000000000E+001,
    -0.1875000000000000E+001,
    -0.1875000000000000E+001,
    -0.1875000000000000E+001,
    0.1875000000000000E+001,
    0.1875000000000000E+001,
    0.1875000000000000E+001,
    0.1875000000000000E+001,
    0.1875000000000000E+001,
    0.3750000000000000E+001,
    -0.3750000000000000E+001,
    -0.3750000000000000E+001,
    -0.0000000000000000E+000,
    0.3750000000000000E+001,
    0.0000000000000000E+000,
    0.3750000000000000E+001,
    -0.3750000000000000E+001,
    -0.3750000000000000E+001,
    -0.0000000000000000E+000,
    0.0000000000000000E+000,
    0.3750000000000000E+001,
    0.3750000000000000E+001,
    -0.5625000000000000E+001,
    -0.5625000000000000E+001,
    0.5625000000000000E+001,
    0.5625000000000000E+001,
    -0.5625000000000000E+001,
    -0.1875000000000000E+001,
    -0.5625000000000000E+001,
    -0.1875000000000000E+001,
    -0.1875000000000000E+001,
    -0.1875000000000000E+001,
    -0.0000000000000000E+000,
    -0.0000000000000000E+000,
    -0.0000000000000000E+000,
    -0.0000000000000000E+000,
    0.1875000000000000E+001,
    0.0000000000000000E+000,
    0.0000000000000000E+000,
    0.1875000000000000E+001,
    0.0000000000000000E+000,
    0.1875000000000000E+001,
    0.0000000000000000E+000,
    0.5625000000000000E+001,
    0.1875000000000000E+001,
    0.5625000000000000E+001,
    -0.3750000000000000E+001,
    0.3750000000000000E+001,
    -0.3750000000000000E+001,
    -0.3750000000000000E+001,
    0.3750000000000000E+001,
    0.3750000000000000E+001,
    -0.3750000000000000E+001,
    0.3750000000000000E+001
  ],
"y": [
    0.0000000000000000E+000,
    0.0000000000000000E+000,
    0.1875000000000000E+001,
    -0.1875000000000000E+001,
    -0.1875000000000000E+001,
    0.1875000000000000E+001,
    0.0000000000000000E+000,
    -0.1875000000000000E+001,
    0.0000000000000000E+000,
    -0.1875000000000000E+001,
    0.1875000000000000E+001,
    0.0000000000000000E+000,
    0.1875000000000000E+001,
    0.0000000000000000E+000,
    0.0000000000000000E+000,
    -0.3750000000000000E+001,
    0.0000000000000000E+000,
    0.0000000000000000E+000,
    0.3750000000000000E+001,
    -0.1875000000000000E+001,
    -0.3750000000000000E+001,
    -0.1875000000000000E+001,
    0.1875000000000000E+001,
    0.1875000000000000E+001,
    0.3750000000000000E+001,
    -0.3750000000000000E+001,
    -0.1875000000000000E+001,
    -0.1875000000000000E+001,
    0.1875000000000000E+001,
    0.3750000000000000E+001,
    0.1875000000000000E+001,
    -0.1875000000000000E+001,
    -0.3750000000000000E+001,
    -0.1875000000000000E+001,
    0.1875000000000000E+001,
    0.3750000000000000E+001,
    0.1875000000000000E+001,
    -0.1875000000000000E+001,
    -0.3750000000000000E+001,
    -0.1875000000000000E+001,
    0.1875000000000000E+001,
    0.3750000000000000E+001,
    0.1875000000000000E+001,
    0.0000000000000000E+000,
    0.3750000000000000E+001,
    -0.3750000000000000E+001,
    -0.3750000000000000E+001,
    0.3750000000000000E+001,
    0.0000000000000000E+000,
    -0.3750000000000000E+001,
    0.0000000000000000E+000,
    -0.3750000000000000E+001,
    0.3750000000000000E+001,
    0.0000000000000000E+000,
    0.3750000000000000E+001,
    0.0000000000000000E+000,
    0.1875000000000000E+001,
    -0.1875000000000000E+001,
    0.0000000000000000E+000,
    -0.1875000000000000E+001,
    -0.5625000000000000E+001,
    0.0000000000000000E+000,
    0.0000000000000000E+000,
    0.0000000000000000E+000,
    0.5625000000000000E+001,
    -0.5625000000000000E+001,
    -0.1875000000000000E+001,
    -0.5625000000000000E+001,
    -0.1875000000000000E+001,
    -0.5625000000000000E+001,
    0.1875000000000000E+001,
    0.5625000000000000E+001,
    0.0000000000000000E+000,
    0.1875000000000000E+001,
    0.0000000000000000E+000,
    0.5625000000000000E+001,
    0.0000000000000000E+000,
    0.5625000000000000E+001,
    0.1875000000000000E+001,
    0.3750000000000000E+001,
    -0.3750000000000000E+001,
    -0.3750000000000000E+001,
    0.3750000000000000E+001,
    -0.3750000000000000E+001,
    0.3750000000000000E+001,
    -0.3750000000000000E+001,
    0.3750000000000000E+001
  ],
"z": [
    0.0000000000000000E+000,
    0.1875000000000000E+001,
    0.0000000000000000E+000,
    0.1875000000000000E+001,
    0.0000000000000000E+000,
    -0.1875000000000000E+001,
    -0.1875000000000000E+001,
    -0.0000000000000000E+000,
    -0.1875000000000000E+001,
    -0.1875000000000000E+001,
    0.1875000000000000E+001,
    0.1875000000000000E+001,
    0.0000000000000000E+000,
    -0.0000000000000000E+000,
    0.0000000000000000E+000,
    -0.0000000000000000E+000,
    -0.3750000000000000E+001,
    0.3750000000000000E+001,
    0.0000000000000000E+000,
    0.1875000000000000E+001,
    0.1875000000000000E+001,
    0.3750000000000000E+001,
    -0.1875000000000000E+001,
    0.1875000000000000E+001,
    0.1875000000000000E+001,
    -0.1875000000000000E+001,
    -0.1875000000000000E+001,
    0.1875000000000000E+001,
    -0.3750000000000000E+001,
    -0.1875000000000000E+001,
    -0.1875000000000000E+001,
    -0.1875000000000000E+001,
    -0.1875000000000000E+001,
    -0.3750000000000000E+001,
    -0.3750000000000000E+001,
    -0.1875000000000000E+001,
    0.3750000000000000E+001,
    -0.3750000000000000E+001,
    0.1875000000000000E+001,
    0.3750000000000000E+001,
    0.3750000000000000E+001,
    0.1875000000000000E+001,
    0.1875000000000000E+001,
    0.3750000000000000E+001,
    0.0000000000000000E+000,
    0.3750000000000000E+001,
    0.0000000000000000E+000,
    -0.3750000000000000E+001,
    -0.3750000000000000E+001,
    -0.0000000000000000E+000,
    -0.3750000000000000E+001,
    -0.3750000000000000E+001,
    0.3750000000000000E+001,
    0.3750000000000000E+001,
    0.0000000000000000E+000,
    0.1875000000000000E+001,
    -0.0000000000000000E+000,
    0.0000000000000000E+000,
    -0.1875000000000000E+001,
    -0.0000000000000000E+000,
    -0.0000000000000000E+000,
    -0.1875000000000000E+001,
    -0.5625000000000000E+001,
    0.5625000000000000E+001,
    0.0000000000000000E+000,
    -0.1875000000000000E+001,
    -0.5625000000000000E+001,
    0.1875000000000000E+001,
    0.5625000000000000E+001,
    -0.0000000000000000E+000,
    -0.5625000000000000E+001,
    -0.1875000000000000E+001,
    -0.5625000000000000E+001,
    0.5625000000000000E+001,
    0.5625000000000000E+001,
    0.1875000000000000E+001,
    0.1875000000000000E+001,
    0.0000000000000000E+000,
    0.0000000000000000E+000,
    0.3750000000000000E+001,
    -0.3750000000000000E+001,
    0.3750000000000000E+001,
    -0.3750000000000000E+001,
    0.3750000000000000E+001,
    -0.3750000000000000E+001,
    -0.3750000000000000E+001,
    0.3750000000000000E+001
  ],