{
"vfeff": "Feff8L (EXAFS)",
"vf85e": " 0.1",
"nabs": 1,
"iphabs": 0,
"rclabs": 0.1000000000000000E+006,
"ipol": 0,
"ispin": 0,
"le2": 0,
"elpty": 0.0000000000000000E+000,
"angks": 0.0000000000000000E+000,
"evec": [
    0.0000000000000000E+000,
    0.0000000000000000E+000,
    0.0000000000000000E+000
  ],
"xivec": [
    0.0000000000000000E+000,
    0.0000000000000000E+000,
    0.0000000000000000E+000
  ],
"spvec": [
    0.0000000000000000E+000,
    0.0000000000000000E+000,
    0.0000000000000000E+000
  ],
"ptz0": [
    0.3333333333333333E+000,
    0.0000000000000000E+000,
    0.0000000000000000E+000,
    0.0000000000000000E+000,
    0.0000000000000000E+000,
    0.0000000000000000E+000
  ],
"ptz1": [
    0.0000000000000000E+000,
    0.0000000000000000E+000,
    0.3333333333333333E+000,
    0.0000000000000000E+000,
    0.0000000000000000E+000,
    0.0000000000000000E+000
  ],
"ptz2": [
    0.0000000000000000E+000,
    0.0000000000000000E+000,
    0.0000000000000000E+000,
    0.0000000000000000E+000,
    0.3333333333333333E+000,
    0.0000000000000000E+000
  ]
}
