{
"mod": 4,
"vfeff": "Feff8L (EXAFS)",
"vf85e": " 0.1",
"mpath": 1,
"ms": 1,
"nncrit": 0,
"nlegxx": 10,
"ipr4": 0,
"critpw": 0.2500000000000000E+001,
"pcritk": 0.0000000000000000E+000,
"pcrith": 0.0000000000000000E+000,
"rmax": 0.7000000000000000E+001,
"rfms2": -0.1000000000000000E+001
}
