{
"vfeff": "Feff8L (EXAFS)",
"vf85e": " 0.1",
"ntitle": 14,
"title": [
    "Structure from AMSCIFDB, AMS_ID: 1523590       Feff8L (EXAFS)       0.1",
    "Mineral Name: <missing>",
    "Journal:   Zeitschrift f\\\"ur Elektrochemie und angewandte physikalische Chemie",
    "Authors: Esch, U., Schneider, A.",
    "Title1:   Das System Nickel-Platin",
    "Formula:    Ni0.5Pt0.5",
    "SpaceGroup: Fm-3m",
    "# sites:    1",
    "POT  Non-SCF, core-hole, AFOLP (folp(0)= 1.150)",
    "Abs   Z=78 Rmt= 1.402 Rnm= 1.437 L3 shell",
    "Pot 1 Z=28 Rmt= 1.410 Rnm= 1.447",
    "Pot 2 Z=78 Rmt= 1.420 Rnm= 1.459",
    "Gam_ch=5.171E+00 H-L exch",
    "Mu=-4.554E+00 kf=2.071E+00 Vint=-2.089E+01 Rs_int= 1.751"
  ],
"s02": 0.9339661420775676E+000,
"erelax": 0.3680048225796154E+001,
"wp": 0.7472923187146310E+000,
"edge": -0.1673481280835816E+000,
"emu": 0.4250214118712875E+003,
"gamach": 0.5170841136616391E+001,
"ne": 83,
"ne1": 59,
"ik0": 1,
"ereal": [
    -0.4553774513006741E+001,
    -0.4515674692195301E+001,
    -0.4401375229760978E+001,
    -0.4210876125703775E+001,
    -0.3944177380023691E+001,
    -0.3601278992720725E+001,
    -0.3182180963794879E+001,
    -0.2686883293246151E+001,
    -0.2115385981074543E+001,
    -0.1467689027280052E+001,
    -0.7437924318626808E+000,
    0.5630380517757133E-001,
    0.9325996838407067E+000,
    0.1885095204126721E+001,
    0.2913790366035617E+001,
    0.4018685169567394E+001,
    0.5199779614722052E+001,
    0.6457073701499592E+001,
    0.7790567429900013E+001,
    0.9200260799923313E+001,
    0.1068615381156950E+002,
    0.1388653875973051E+002,
    0.1739172227438304E+002,
    0.2120170435552711E+002,
    0.2531648500316269E+002,
    0.2973606421728980E+002,
    0.3446044199790843E+002,
    0.3948961834501859E+002,
    0.4482359325862028E+002,
    0.5046236673871348E+002,
    0.5640593878529822E+002,
    0.6265430939837447E+002,
    0.6920747857794228E+002,
    0.7606544632400156E+002,
    0.8322821263655241E+002,
    0.9069577751559473E+002,
    0.9846814096112865E+002,
    0.1065453029731540E+003,
    0.1149272635516710E+003,
    0.1236140226966794E+003,
    0.1326055804081794E+003,
    0.1564179684153298E+003,
    0.1821353474630522E+003,
    0.2097577175513466E+003,
    0.2392850786802131E+003,
    0.2707174308496516E+003,
    0.3040547740596621E+003,
    0.3392971083102447E+003,
    0.3764444336013992E+003,
    0.4564540573054245E+003,
    0.5440836451717379E+003,
    0.6393331972003392E+003,
    0.7422027133912289E+003,
    0.8526921937444068E+003,
    0.9708016382598726E+003,
    0.1096531046937627E+004,
    0.1229880419777669E+004,
    0.1370849756779999E+004,
    0.1519439057944617E+004,
    -0.4553774513006741E+001,
    -0.4553774513006741E+001,
    -0.4553774513006741E+001,
    -0.4553774513006741E+001,
    -0.4553774513006741E+001,
    -0.4553774513006741E+001,
    -0.4553774513006741E+001,
    -0.4553774513006741E+001,
    -0.4553774513006741E+001,
    -0.4553774513006741E+001,
    -0.4553774513006741E+001,
    -0.4553774513006741E+001,
    -0.4553774513006741E+001,
    -0.4553774513006741E+001,
    -0.4553774513006741E+001,
    -0.4553774513006741E+001,
    -0.4553774513006741E+001,
    -0.4553774513006741E+001,
    -0.4553774513006741E+001,
    -0.4553774513006741E+001,
    -0.4553774513006741E+001,
    -0.4553774513006741E+001,
    -0.4553774513006741E+001,
    -0.4553774513006741E+001
  ],
"eimag": [
    0.2585420568308196E+001,
    0.2585420568308196E+001,
    0.2585420568308196E+001,
    0.2585420568308196E+001,
    0.2585420568308196E+001,
    0.2585420568308196E+001,
    0.2585420568308196E+001,
    0.2585420568308196E+001,
    0.2585420568308196E+001,
    0.2585420568308196E+001,
    0.2585420568308196E+001,
    0.2585420568308196E+001,
    0.2585420568308196E+001,
    0.2585420568308196E+001,
    0.2585420568308196E+001,
    0.2585420568308196E+001,
    0.2585420568308196E+001,
    0.2585420568308196E+001,
    0.2585420568308196E+001,
    0.2585420568308196E+001,
    0.2585420568308196E+001,
    0.2585420568308196E+001,
    0.2585420568308196E+001,
    0.2585420568308196E+001,
    0.2585420568308196E+001,
    0.2585420568308196E+001,
    0.2585420568308196E+001,
    0.2585420568308196E+001,
    0.2585420568308196E+001,
    0.2585420568308196E+001,
    0.2585420568308196E+001,
    0.2585420568308196E+001,
    0.2585420568308196E+001,
    0.2585420568308196E+001,
    0.2585420568308196E+001,
    0.2585420568308196E+001,
    0.2585420568308196E+001,
    0.2585420568308196E+001,
    0.2585420568308196E+001,
    0.2585420568308196E+001,
    0.2585420568308196E+001,
    0.2585420568308196E+001,
    0.2585420568308196E+001,
    0.2585420568308196E+001,
    0.2585420568308196E+001,
    0.2585420568308196E+001,
    0.2585420568308196E+001,
    0.2585420568308196E+001,
    0.2585420568308196E+001,
    0.2585420568308196E+001,
    0.2585420568308196E+001,
    0.2585420568308196E+001,
    0.2585420568308196E+001,
    0.2585420568308196E+001,
    0.2585420568308196E+001,
    0.2585420568308196E+001,
    0.2585420568308196E+001,
    0.2585420568308196E+001,
    0.2585420568308196E+001,
    0.5000000000000000E-002,
    0.1000000000000000E-001,
    0.1144754615630298E-001,
    0.1707773208336118E-001,
    0.2547698250165891E-001,
    0.3800719171734925E-001,
    0.5670006729192832E-001,
    0.8458656074402066E-001,
    0.1261883204064636E+000,
    0.1882508529362323E+000,
    0.2808372717623059E+000,
    0.4189599780332012E+000,
    0.6250148425531736E+000,
    0.9324125785131947E+000,
    0.1390996113017365E+001,
    0.2075122355722312E+001,
    0.3095718780894078E+001,
    0.4618269734289709E+001,
    0.6889648849982575E+001,
    0.1027814831247979E+002,
    0.1533319549857728E+002,
    0.2287443973853955E+002,
    0.3412465414666021E+002,
    0.5090800185445430E+002
  ],