{
"mod": 2,
"vfeff": "Feff8L (EXAFS)",
"vf85e": " 0.1",
"mphase": 1,
"ipr2": 0,
"ixc": 0,
"ixc0": 0,
"ispec": 0,
"lreal": 0,
"lfms2": 0,
"nph": 2,
"l2lp": 0,
"iPlsmn": 0,
"iGrid": 0,
"vro": 0.0000000000000000E+000,
"vio": 0.0000000000000000E+000,
"rgrd": 0.5000000074505806E-001,
"rfms2": -0.1000000000000000E+001,
"gamach": 0.5170841136616391E+001,
"xkstep": 0.7000000029802322E-001,
"xkmax": 0.2000000000000000E+002,
"vixan": 0.0000000000000000E+000,
"izstd": 0,
"ifxc": 0,
"ipmbse": 0,
"itdlda": 0,
"nonlocal": 0,
"ibasis": 0,
"lmaxph": [
    3,
    3,
    3,
    0,
    0,
    0,
    0,
    0,
    0,
    0,
    0,
    0
  ],
"potlbl": [
    "Pt",
    "Ni",
    "Pt",
    "",
    "",
    "",
    "",
    "",
    "",
    "",
    "",
    ""
  ],
"spinph": [
    0.0000000000000000E+000,
    0.0000000000000000E+000,
    0.0000000000000000E+000,
    0.0000000000000000E+000,
    0.0000000000000000E+000,
    0.0000000000000000E+000,
    0.0000000000000000E+000,
    0.0000000000000000E+000,
    0.0000000000000000E+000,
    0.0000000000000000E+000,
    0.0000000000000000E+000,
    0.0000000000000000E+000
  ]
}
